[{"model": "contenttypes.contenttype", "pk": 1, "fields": {"app_label": "admin", "model": "logentry"}}, {"model": "contenttypes.contenttype", "pk": 2, "fields": {"app_label": "auth", "model": "permission"}}, {"model": "contenttypes.contenttype", "pk": 3, "fields": {"app_label": "auth", "model": "group"}}, {"model": "contenttypes.contenttype", "pk": 4, "fields": {"app_label": "auth", "model": "user"}}, {"model": "contenttypes.contenttype", "pk": 5, "fields": {"app_label": "contenttypes", "model": "contenttype"}}, {"model": "contenttypes.contenttype", "pk": 6, "fields": {"app_label": "sessions", "model": "session"}}, {"model": "contenttypes.contenttype", "pk": 7, "fields": {"app_label": "metahumans", "model": "power"}}, {"model": "contenttypes.contenttype", "pk": 8, "fields": {"app_label": "metahumans", "model": "metahuman"}}, {"model": "contenttypes.contenttype", "pk": 9, "fields": {"app_label": "metahumans", "model": "team"}}, {"model": "sessions.session", "pk": "kq0tdcxzr8kxjrhynxsutlguj607lf63", "fields": {"session_data": "YmExODFhYzhlOGVmNWQyYzlhZGYzMzBhMjc5MTg0ZGU5MjY1N2UxYTp7Il9hdXRoX3VzZXJfaWQiOiIxIiwiX2F1dGhfdXNlcl9iYWNrZW5kIjoiZGphbmdvLmNvbnRyaWIuYXV0aC5iYWNrZW5kcy5Nb2RlbEJhY2tlbmQiLCJfYXV0aF91c2VyX2hhc2giOiI3MjgyM2EwYmNhMjIwNWVjM2FmZTJhNzdjNDE0ZGE4ZTYwM2Y1OWVkIn0=", "expire_date": "2020-05-14T17:42:03.695Z"}}, {"model": "metahumans.power", "pk": 1, "fields": {"name": "Volar", "description": "Volar", "level": 50}}, {"model": "metahumans.power", "pk": 2, "fields": {"name": "Superfuerza", "description": "Fuerza sobrehumana", "level": 50}}, {"model": "metahumans.power", "pk": 3, "fields": {"name": "Telekinesis", "description": "Mover objetos con la mente", "level": 75}}, {"model": "metahumans.power", "pk": 4, "fields": {"name": "Sentidos aumentados (Peligro)", "description": "Percibir las situaciones de peligro", "level": 50}}, {"model": "metahumans.power", "pk": 5, "fields": {"name": "Armadura", "description": "Armadura tecnologica", "level": 50}}, {"model": "metahumans.power", "pk": 6, "fields": {"name": "Descara de energia", "description": "Rayos repulsores", "level": 50}}, {"model": "metahumans.power", "pk": 7, "fields": {"name": "Intangibilidad", "description": "Imposibilidad de ser tocado", "level": 50}}, {"model": "metahumans.power", "pk": 8, "fields": {"name": "Factor de curaci\u00f3n", "description": "Se cura de heridas mas r\u00e1pido", "level": 50}}, {"model": "metahumans.power", "pk": 9, "fields": {"name": "Visi\u00f3n nocturna", "description": "Poder visualizar igual de bien por la noche que por el d\u00eda.", "level": 28}}, {"model": "metahumans.power", "pk": 10, "fields": {"name": "Invisibilidad", "description": "Nadie te puede ver en ning\u00fan momento.", "level": 50}}, {"model": "metahumans.power", "pk": 11, "fields": {"name": "Teletransportaci\u00f3n", "description": "Poder ir de un sitio a otro cuando quieras.", "level": 55}}, {"model": "metahumans.power", "pk": 12, "fields": {"name": "Control sobre el  tiempo", "description": "Poder parar/avanzar/atrasar el tiempo cuando quieras.", "level": 50}}, {"model": "metahumans.power", "pk": 13, "fields": {"name": "Rayos (\u00f3pticos)", "description": "Descarga de energia cin\u00e9tica desde los ojos", "level": 80}}, {"model": "metahumans.power", "pk": 14, "fields": {"name": "Telepat\u00eda", "description": "Capacidad de leer la mente y enviar pensamientos a distancia", "level": 90}}, {"model": "metahumans.power", "pk": 15, "fields": {"name": "Agilidad", "description": "Agilidad aumentada", "level": 50}}, {"model": "metahumans.power", "pk": 16, "fields": {"name": "Control frio", "description": "capacidad de manipular el hielo y el fr\u00edo", "level": 50}}, {"model": "metahumans.power", "pk": 17, "fields": {"name": "Control de densidad", "description": "Capacidad de aumentar o disminuir su densidad y masa corporal", "level": 70}}, {"model": "metahumans.power", "pk": 18, "fields": {"name": "Rayos", "description": "Lanzar descargas de energia", "level": 50}}, {"model": "metahumans.power", "pk": 19, "fields": {"name": "Control de tama\u00f1o", "description": "Incrementar o decrementar su estatura y volumen", "level": 30}}, {"model": "metahumans.power", "pk": 20, "fields": {"name": "Control campo magn\u00e9tico", "description": "Control del magnetismo", "level": 90}}, {"model": "metahumans.power", "pk": 21, "fields": {"name": "Resistencia", "description": "Resistencia al da\u00f1o sobrehumana", "level": 80}}, {"model": "metahumans.power", "pk": 22, "fields": {"name": "Control fuego", "description": "Control sobre el fuego", "level": 50}}, {"model": "metahumans.team", "pk": 1, "fields": {"name": "Los Vengadores", "description": "Los heroes mas grandes de la tierra", "headquarter": "Torre Stark", "slug": "los-vengadores"}}, {"model": "metahumans.team", "pk": 2, "fields": {"name": "Cuatro Fant\u00e1sticos", "description": "Los Cuatro Fant\u00e1sticos (estilizado muchas veces como 4 Fant\u00e1sticos) es un equipo ficticio de superh\u00e9roes que aparece en c\u00f3mics estadounidenses publicados por Marvel. El grupo debut\u00f3 en The Fantastic Four #1 (noviembre de 1961), el cual ayud\u00f3 a marcar el comienzo de un nuevo nivel de realismo en el medio.\r\n\r\nLos Cuatro Fant\u00e1sticos fue el primer equipo de superh\u00e9roes creado por el escritor-editor Stan Lee y el artista Jack Kirby, quienes desarrollaron un enfoque de colaboraci\u00f3n al crear c\u00f3mics con este t\u00edtulo que usar\u00edan a partir de entonces.", "headquarter": "Edificio Baxter", "slug": "cuatro-fantasticos"}}, {"model": "metahumans.team", "pk": 3, "fields": {"name": "Patrulla X", "description": "The X-Men are a privately owned security force created to harbor peace between the emerging *homo superior*, nicknamed \"Mutants\" and baseline humans. The roster is made up of Mutants who have been trained and educated in the use of their powers at the Xavier's School for Gifted Youngsters.Their operations are funded by Professor Charles Xavier's family fortune and from the patents he created.", "headquarter": "Xavier Institutefor for Gifted Youngsters", "slug": "patrulla-x"}}, {"model": "metahumans.team", "pk": 4, "fields": {"name": "Hermanad de mutantes", "description": "La Hermandad de mutantes fue fundada por Magneto y sus socios, sus primeras batallas fueron contra con los X-Men durante la d\u00e9cada de 1960. En 1981, la Hermandad de Mutantes fue revivida bajo el liderazgo de Mystique, mientras que la encarnaci\u00f3n m\u00e1s visible del grupo a principios de la d\u00e9cada de 1990 fue dirigida por Sapo.", "headquarter": "Asteroide M", "slug": "hermanad-de-mutantes"}}, {"model": "metahumans.team", "pk": 5, "fields": {"name": "Los Defensores", "description": "Otro equipo", "headquarter": "Torre Stark / Torre vengadores", "slug": "los-defensores"}}, {"model": "metahumans.metahuman", "pk": 1, "fields": {"name": "Spiderman", "country": "US", "level": 23, "active": true, "ally": true, "last_update": "2020-05-04T17:41:29.537Z", "team": null, "powers": [2, 4]}}, {"model": "metahumans.metahuman", "pk": 2, "fields": {"name": "Hulk", "country": "US", "level": 100, "active": true, "ally": true, "last_update": "2020-05-06T16:56:08.145Z", "team": 5, "powers": [2]}}, {"model": "metahumans.metahuman", "pk": 3, "fields": {"name": "Hombre de Hierro", "country": "US", "level": 90, "active": true, "ally": true, "last_update": "2020-05-05T10:41:59.248Z", "team": 1, "powers": [1, 2, 5, 6]}}, {"model": "metahumans.metahuman", "pk": 4, "fields": {"name": "Caballero Luna", "country": "US", "level": 10, "active": true, "ally": true, "last_update": "2020-05-05T10:41:49.039Z", "team": null, "powers": [2, 9]}}, {"model": "metahumans.metahuman", "pk": 5, "fields": {"name": "C\u00edclope", "country": "US", "level": 60, "active": true, "ally": true, "last_update": "2020-05-05T10:33:14.628Z", "team": 3, "powers": [13]}}, {"model": "metahumans.metahuman", "pk": 6, "fields": {"name": "Chica maravillosa", "country": "US", "level": 90, "active": true, "ally": true, "last_update": "2020-05-05T10:33:03.782Z", "team": 3, "powers": [3, 14]}}, {"model": "metahumans.metahuman", "pk": 7, "fields": {"name": "\u00c1ngel", "country": "US", "level": 30, "active": true, "ally": true, "last_update": "2020-05-05T10:33:55.026Z", "team": 3, "powers": [1]}}, {"model": "metahumans.metahuman", "pk": 8, "fields": {"name": "La Bestia", "country": "US", "level": 50, "active": true, "ally": true, "last_update": "2020-05-05T10:34:48.840Z", "team": 3, "powers": [2, 15]}}, {"model": "metahumans.metahuman", "pk": 9, "fields": {"name": "Hombre de Hielo", "country": "US", "level": 40, "active": true, "ally": true, "last_update": "2020-05-05T10:37:55.347Z", "team": 3, "powers": [16]}}, {"model": "metahumans.metahuman", "pk": 10, "fields": {"name": "Capit\u00e1n Am\u00e9rica", "country": "US", "level": 60, "active": true, "ally": true, "last_update": "2020-05-05T10:39:27.701Z", "team": 1, "powers": [2, 15]}}, {"model": "metahumans.metahuman", "pk": 11, "fields": {"name": "La Visi\u00f3n", "country": "OT", "level": 80, "active": true, "ally": true, "last_update": "2020-05-05T10:41:36.411Z", "team": 1, "powers": [1, 2, 7, 17, 18]}}, {"model": "metahumans.metahuman", "pk": 12, "fields": {"name": "La Avispa", "country": "US", "level": 50, "active": true, "ally": true, "last_update": "2020-05-05T10:43:39.250Z", "team": 1, "powers": [1, 18, 19]}}, {"model": "metahumans.metahuman", "pk": 13, "fields": {"name": "Magneto", "country": "PL", "level": 90, "active": true, "ally": true, "last_update": "2020-05-05T10:51:05.933Z", "team": 4, "powers": [1, 20]}}, {"model": "metahumans.metahuman", "pk": 14, "fields": {"name": "Juggernaut", "country": "US", "level": 80, "active": true, "ally": true, "last_update": "2020-05-05T10:50:59.516Z", "team": 4, "powers": [2, 21]}}, {"model": "metahumans.metahuman", "pk": 15, "fields": {"name": "Antorcha humana", "country": "US", "level": 80, "active": true, "ally": true, "last_update": "2020-05-05T10:57:03.384Z", "team": 2, "powers": [1, 22]}}, {"model": "auth.permission", "pk": 1, "fields": {"name": "Can add log entry", "content_type": 1, "codename": "add_logentry"}}, {"model": "auth.permission", "pk": 2, "fields": {"name": "Can change log entry", "content_type": 1, "codename": "change_logentry"}}, {"model": "auth.permission", "pk": 3, "fields": {"name": "Can delete log entry", "content_type": 1, "codename": "delete_logentry"}}, {"model": "auth.permission", "pk": 4, "fields": {"name": "Can view log entry", "content_type": 1, "codename": "view_logentry"}}, {"model": "auth.permission", "pk": 5, "fields": {"name": "Can add permission", "content_type": 2, "codename": "add_permission"}}, {"model": "auth.permission", "pk": 6, "fields": {"name": "Can change permission", "content_type": 2, "codename": "change_permission"}}, {"model": "auth.permission", "pk": 7, "fields": {"name": "Can delete permission", "content_type": 2, "codename": "delete_permission"}}, {"model": "auth.permission", "pk": 8, "fields": {"name": "Can view permission", "content_type": 2, "codename": "view_permission"}}, {"model": "auth.permission", "pk": 9, "fields": {"name": "Can add group", "content_type": 3, "codename": "add_group"}}, {"model": "auth.permission", "pk": 10, "fields": {"name": "Can change group", "content_type": 3, "codename": "change_group"}}, {"model": "auth.permission", "pk": 11, "fields": {"name": "Can delete group", "content_type": 3, "codename": "delete_group"}}, {"model": "auth.permission", "pk": 12, "fields": {"name": "Can view group", "content_type": 3, "codename": "view_group"}}, {"model": "auth.permission", "pk": 13, "fields": {"name": "Can add user", "content_type": 4, "codename": "add_user"}}, {"model": "auth.permission", "pk": 14, "fields": {"name": "Can change user", "content_type": 4, "codename": "change_user"}}, {"model": "auth.permission", "pk": 15, "fields": {"name": "Can delete user", "content_type": 4, "codename": "delete_user"}}, {"model": "auth.permission", "pk": 16, "fields": {"name": "Can view user", "content_type": 4, "codename": "view_user"}}, {"model": "auth.permission", "pk": 17, "fields": {"name": "Can add content type", "content_type": 5, "codename": "add_contenttype"}}, {"model": "auth.permission", "pk": 18, "fields": {"name": "Can change content type", "content_type": 5, "codename": "change_contenttype"}}, {"model": "auth.permission", "pk": 19, "fields": {"name": "Can delete content type", "content_type": 5, "codename": "delete_contenttype"}}, {"model": "auth.permission", "pk": 20, "fields": {"name": "Can view content type", "content_type": 5, "codename": "view_contenttype"}}, {"model": "auth.permission", "pk": 21, "fields": {"name": "Can add session", "content_type": 6, "codename": "add_session"}}, {"model": "auth.permission", "pk": 22, "fields": {"name": "Can change session", "content_type": 6, "codename": "change_session"}}, {"model": "auth.permission", "pk": 23, "fields": {"name": "Can delete session", "content_type": 6, "codename": "delete_session"}}, {"model": "auth.permission", "pk": 24, "fields": {"name": "Can view session", "content_type": 6, "codename": "view_session"}}, {"model": "auth.permission", "pk": 25, "fields": {"name": "Can add power", "content_type": 7, "codename": "add_power"}}, {"model": "auth.permission", "pk": 26, "fields": {"name": "Can change power", "content_type": 7, "codename": "change_power"}}, {"model": "auth.permission", "pk": 27, "fields": {"name": "Can delete power", "content_type": 7, "codename": "delete_power"}}, {"model": "auth.permission", "pk": 28, "fields": {"name": "Can view power", "content_type": 7, "codename": "view_power"}}, {"model": "auth.permission", "pk": 29, "fields": {"name": "Can add meta human", "content_type": 8, "codename": "add_metahuman"}}, {"model": "auth.permission", "pk": 30, "fields": {"name": "Can change meta human", "content_type": 8, "codename": "change_metahuman"}}, {"model": "auth.permission", "pk": 31, "fields": {"name": "Can delete meta human", "content_type": 8, "codename": "delete_metahuman"}}, {"model": "auth.permission", "pk": 32, "fields": {"name": "Can view meta human", "content_type": 8, "codename": "view_metahuman"}}, {"model": "auth.permission", "pk": 33, "fields": {"name": "Can add Equipo", "content_type": 9, "codename": "add_team"}}, {"model": "auth.permission", "pk": 34, "fields": {"name": "Can change Equipo", "content_type": 9, "codename": "change_team"}}, {"model": "auth.permission", "pk": 35, "fields": {"name": "Can delete Equipo", "content_type": 9, "codename": "delete_team"}}, {"model": "auth.permission", "pk": 36, "fields": {"name": "Can view Equipo", "content_type": 9, "codename": "view_team"}}, {"model": "auth.user", "pk": 1, "fields": {"password": "pbkdf2_sha256$180000$w1GKKXpLcVzR$vHk9q35rdV1XbxBrM9b8JA4i6Cn4MLp6FnWmH8aYaAc=", "last_login": "2020-04-30T17:42:03.569Z", "is_superuser": true, "username": "admin", "first_name": "", "last_name": "", "email": "admin@shield.com", "is_staff": true, "is_active": true, "date_joined": "2020-04-30T17:41:17.146Z", "groups": [], "user_permissions": []}}, {"model": "admin.logentry", "pk": 1, "fields": {"action_time": "2020-04-30T17:49:22.573Z", "user": 1, "content_type": 7, "object_id": "1", "object_repr": "Power object (1)", "action_flag": 1, "change_message": "[{\"added\": {}}]"}}, {"model": "admin.logentry", "pk": 2, "fields": {"action_time": "2020-04-30T18:40:06.114Z", "user": 1, "content_type": 7, "object_id": "2", "object_repr": "spidersense: sentido ar\u00e1cnido", "action_flag": 1, "change_message": "[{\"added\": {}}]"}}, {"model": "admin.logentry", "pk": 3, "fields": {"action_time": "2020-04-30T18:40:15.026Z", "user": 1, "content_type": 8, "object_id": "1", "object_repr": "Spiderman", "action_flag": 1, "change_message": "[{\"added\": {}}]"}}, {"model": "admin.logentry", "pk": 4, "fields": {"action_time": "2020-04-30T18:41:03.633Z", "user": 1, "content_type": 7, "object_id": "3", "object_repr": "superfuerza: Fuerza sobrehumana", "action_flag": 1, "change_message": "[{\"added\": {}}]"}}, {"model": "admin.logentry", "pk": 5, "fields": {"action_time": "2020-04-30T18:41:06.972Z", "user": 1, "content_type": 8, "object_id": "2", "object_repr": "Hulk", "action_flag": 1, "change_message": "[{\"added\": {}}]"}}, {"model": "admin.logentry", "pk": 6, "fields": {"action_time": "2020-04-30T18:45:07.429Z", "user": 1, "content_type": 7, "object_id": "4", "object_repr": "volar: Puede volar", "action_flag": 1, "change_message": "[{\"added\": {}}]"}}, {"model": "admin.logentry", "pk": 7, "fields": {"action_time": "2020-04-30T18:45:10.185Z", "user": 1, "content_type": 8, "object_id": "3", "object_repr": "Iron Man", "action_flag": 1, "change_message": "[{\"added\": {}}]"}}, {"model": "admin.logentry", "pk": 8, "fields": {"action_time": "2020-04-30T18:45:52.401Z", "user": 1, "content_type": 7, "object_id": "5", "object_repr": "armadura: Armadura tecnol\u00f3gica", "action_flag": 1, "change_message": "[{\"added\": {}}]"}}, {"model": "admin.logentry", "pk": 9, "fields": {"action_time": "2020-04-30T18:45:54.243Z", "user": 1, "content_type": 8, "object_id": "3", "object_repr": "Iron Man", "action_flag": 2, "change_message": "[{\"changed\": {\"fields\": [\"Powers\"]}}]"}}, {"model": "admin.logentry", "pk": 10, "fields": {"action_time": "2020-05-04T16:28:35.344Z", "user": 1, "content_type": 9, "object_id": "1", "object_repr": "Los Vengadores", "action_flag": 1, "change_message": "[{\"added\": {}}]"}}, {"model": "admin.logentry", "pk": 11, "fields": {"action_time": "2020-05-04T17:36:42.255Z", "user": 1, "content_type": 8, "object_id": "3", "object_repr": "Iron Man", "action_flag": 2, "change_message": "[{\"changed\": {\"fields\": [\"Team\"]}}]"}}, {"model": "admin.logentry", "pk": 12, "fields": {"action_time": "2020-05-04T17:36:51.731Z", "user": 1, "content_type": 8, "object_id": "2", "object_repr": "Hulk", "action_flag": 2, "change_message": "[{\"changed\": {\"fields\": [\"Team\"]}}]"}}, {"model": "admin.logentry", "pk": 13, "fields": {"action_time": "2020-05-06T16:55:21.524Z", "user": 1, "content_type": 9, "object_id": "5", "object_repr": "Los Defensores", "action_flag": 1, "change_message": "[{\"added\": {}}]"}}, {"model": "admin.logentry", "pk": 14, "fields": {"action_time": "2020-05-06T16:56:08.160Z", "user": 1, "content_type": 8, "object_id": "2", "object_repr": "Hulk", "action_flag": 2, "change_message": "[{\"changed\": {\"fields\": [\"Team\"]}}]"}}]